Years_of_Experience,Salary
1,40000
2.257941982,65979.42119
2.450875461,67253.57549
2.498712905,67342.4351
2.613728784,70532.20448
2.682068429,69119.79132
2.761982614,71063.36476
2.927600575,71356.14382
2.969968153,74265.40359
3.059107388,74804.11404
3.085874899,76663.59809
3.199597371,77482.87902
3.318099991,74702.95446
3.407670304,75118.36278
3.415003131,78817.45633
3.519210275,78968.49772
3.540670744,77982.6304
3.59820132,81352.2287
3.649797525,80571.10736
3.690900642,81285.35909
3.754199504,80752.57642
3.786122301,80519.88855
3.79402365,79605.51595
3.834124297,78724.08387
3.842402283,80236.57673
3.86953051,82629.38966
3.888087195,82411.92045
3.932828179,83092.07593
3.972581632,81723.22559
3.995191495,81781.1931
4.055497287,81047.22386
4.079728933,81505.18362
4.110644702,83007.24597
4.121479288,82348.79137
4.169478935,82132.98634
4.174719611,83803.64844
4.221668278,83243.68324
4.381495559,83749.02898
4.450015013,84995.68217
4.472353742,82909.65157
4.506858684,83037.40699
4.514280029,84309.39609
4.535621868,85363.36357
4.544189503,85700.05359
4.584837186,87258.95727
4.613026946,86028.02856
4.680162715,86705.29411
4.713326251,86300.17771
4.72902506,85603.10377
4.740261504,87484.31323
4.750888886,88092.63073
4.772002487,85679.03898
4.793946379,85131.81763
4.814086019,85482.53617
4.815972448,85295.00194
4.853439366,84151.98728
4.86872377,85971.98705
4.896761654,84549.72268
4.935691445,86431.30577
4.983341016,88774.57642
4.983343981,86452.77799
4.986017566,87855.74017
5.008439447,89092.44486
5.038251759,85340.33537
5.03925268,86855.52314
5.087625411,84006.3171
5.120361395,84815.43758
5.122832242,84825.46836
5.16495505,87762.14734
5.182954071,86024.86102
5.18609645,88452.19881
5.197326327,86003.40679
5.206771388,87897.58068
5.23298738,85889.2273
5.267251927,87143.85764
5.281729099,86777.85583
5.299665353,85248.27576
5.308180255,87136.30178
5.327372348,85981.76341
5.365015206,85547.747
5.371247574,89233.01115
5.376616396,85361.58696
5.383027194,89338.76001
5.385765316,86851.14011
5.395415834,87096.74383
5.435547888,86127.47018
5.450087789,86968.62298
5.454637944,87701.24747
5.457808627,88645.1752
5.487559762,88303.058
5.507083762,87103.72739
5.507731772,86007.00088
5.538834187,86158.85643
5.55066293,86774.57147
5.55171735,86980.23925
5.57491607,87135.0085
5.584214721,88765.51237
5.589386298,87551.37854
5.615800737,88529.68107
5.61903029,87406.62139
5.623370278,87031.25888
5.652790135,88711.01799
5.653918066,87372.5504
5.704457978,89195.9799
5.745846934,88477.03113
5.757474462,88709.9952
5.774977819,88170.85236
5.800203722,89343.3119
5.823115339,87410.55124
5.836073305,87320.52418
5.838423941,89232.20169
5.847411856,86052.09897
5.865611821,87743.37248
5.873454396,88071.92099
5.879345706,86559.10091
5.894967227,87674.58442
5.912860168,85962.72987
5.919354781,87957.41752
5.946970786,85903.6383
5.959734127,88930.00038
5.962898099,88118.56379
5.975174065,88094.47553
5.995458912,86656.47967
6.006454193,87955.41222
6.012098352,88998.25149
6.027301702,88005.30967
6.045524181,89148.67808
6.049300039,88655.0732
6.050822475,88708.54758
6.065898378,88850.29498
6.118427617,88432.54306
6.12348571,88185.02467
6.124724862,88866.09902
6.13915906,86513.84781
6.142532262,88368.66312
6.152698598,88265.40597
6.166178371,87139.9015
6.186806829,88252.39444
6.194272397,88852.84781
6.200272049,87805.34732
6.208768113,87180.15616
6.222106504,87722.65555
6.23280101,90111.98589
6.241684412,88235.09347
6.246373796,86670.68161
6.305124216,87551.37301
6.310310026,88345.6386
6.315764348,85357.247
6.331811501,87881.75617
6.332294694,89597.16407
6.341998524,86810.46276
6.345078859,88475.41109
6.353392961,88795.08983
6.366781366,85643.86528
6.374563456,87888.66743
6.375101349,85500.75963
6.378095189,86685.36543
6.395840691,89815.88806
6.398346442,89535.2515
6.403544144,91235.29915
6.407582214,90238.43124
6.408127983,87558.77815
6.416632252,86800.65108
6.418667084,87558.70142
6.435102098,86333.18971
6.441166832,88868.59677
6.44541066,87431.18709
6.457279763,87061.70697
6.488749671,87289.0951
6.500897766,89028.46289
6.511263271,88675.06602
6.511820264,90638.41844
6.520631348,89276.05236
6.534638293,85741.87928
6.54840849,88301.76658
6.571044626,86253.50603
6.576590513,88866.58394
6.587589532,85972.68307
6.60621346,88610.00278
6.628787694,87294.90235
6.629027401,86896.48679
6.632939641,86374.04785
6.636976885,86959.26731
6.63720837,86158.62793
6.641400832,87734.53005
6.643403489,92778.50191
6.659361945,87306.58557
6.661152373,88120.11919
6.671583846,87923.64814
6.67973532,86929.05786
6.691353353,87504.43803
6.695891346,87156.48936
6.712203518,87552.63212
6.713481442,88304.72611
6.723890748,89648.05531
6.724429173,88253.86585
6.724491895,85991.19451
6.725968525,86468.76333
6.729612048,88048.71561
6.760679715,85610.29761
6.77954179,87651.38072
6.790961361,86294.58513
6.810247037,89071.07153
6.817438281,86288.03797
6.824570608,88478.42922
6.824859433,88748.45209
6.838350445,89838.21882
6.842634197,88662.45018
6.846982728,87813.94773
6.848585845,85800.94733
6.89106615,84916.78428
6.90730141,91160.68074
6.930882891,87324.84203
6.947447193,86360.6952
6.954859692,87406.29276
6.958099474,87881.78187
6.972790794,87334.62336
6.989392709,87613.42468
6.993350829,86550.49081
7.016180584,89580.4277
7.018264808,87520.70413
7.024259854,86744.56568
7.060035483,87222.57876
7.080362044,86878.23297
7.088304885,86599.139
7.111954368,87688.81017
7.141009304,88189.45801
7.163470787,87664.09003
7.169132068,87293.13745
7.17095835,87284.42292
7.178154166,86677.94486
7.181298267,88862.02709
7.190736684,85405.59176
7.203450906,88366.24366
7.208649852,88159.13446
7.216318537,87754.6495
7.227966729,87415.57647
7.241675731,88519.62965
7.244152482,88889.59352
7.247659968,86229.6054
7.254434492,87034.86932
7.256004947,87217.97978
7.276175034,86650.09486
7.276241809,85293.88108
7.277058325,88624.18043
7.283335403,88025.77751
7.283450812,87335.43844
7.315069262,89687.16671
7.317772413,88928.66777
7.328192477,89828.72693
7.330101738,88846.81348
7.334245949,87314.55141
7.340225763,89881.62354
7.345446984,87363.20423
7.357330974,87145.70445
7.384268827,87520.83603
7.385977737,88454.39139
7.391348619,88011.06844
7.39264398,84583.40674
7.395692188,88544.25264
7.397078112,86046.42113
7.425299184,88068.88087
7.435060015,88116.89844
7.43729204,86009.09568
7.454277363,87654.03998
7.467324768,88478.27464
7.468260534,85167.64505
7.468647898,85134.92677
7.469097343,86703.91202
7.484636649,88049.93166
7.488062611,88464.18116
7.497074316,87320.11797
7.503326382,85328.90381
7.507633026,88630.27673
7.512162574,86212.19166
7.515187494,91028.61791
7.519804536,88442.66967
7.529509971,87861.33738
7.533851717,86746.36509
7.541647551,86167.01457
7.544701913,89386.04514
7.546240148,88648.21631
7.568075545,88311.82531
7.569804804,87265.67155
7.573019894,87522.54677
7.582651799,85676.00803
7.586794955,83604.44422
7.591969285,85916.80112
7.59847788,86558.90886
7.604989094,88101.05798
7.608395301,87053.0771
7.630601591,87753.17674
7.643476961,87818.57352
7.64457207,87906.01316
7.651800465,86684.41553
7.658699754,86308.57488
7.662451563,87576.95326
7.664859111,87851.71194
7.67954013,86168.60601
7.684678354,87309.66258
7.699647674,87235.28875
7.700169306,86179.43396
7.706062222,87024.65168
7.718602068,86576.33634
7.728195346,86122.19955
7.729766383,86556.17248
7.730188872,86316.2329
7.734156405,85894.847
7.73622885,86628.68079
7.749755868,85934.37333
7.754793344,86096.33519
7.755209502,87651.08832
7.756766523,86673.01756
7.774669521,88906.10391
7.784925365,89495.63675
7.787202998,86125.58084
7.789243268,86201.54747
7.789289974,83603.23878
7.789776044,87544.43627
7.795871411,86950.35567
7.80434433,85324.35325
7.808068962,87643.33517
7.808724911,86398.78625
7.810491227,87275.62946
7.815229691,87856.69053
7.82186364,87532.49352
7.823863338,87751.15769
7.82798928,88044.53808
7.828896134,86291.44628
7.829040327,86400.07829
7.82986362,84943.90049
7.829929626,87409.29594
7.835821139,82251.22118
7.842946002,87115.6664
7.847346382,88375.36549
7.850107196,87754.8006
7.85911288,86018.60731
7.867552977,86066.29672
7.872411801,87733.38066
7.874851389,84551.50403
7.87653093,87404.04307
7.887646748,89073.18567
7.899931016,86974.4793
7.907743123,89090.77561
7.909169591,85960.88895
7.916749002,88275.27474
7.921804182,88888.20579
7.937751324,87209.61464
7.940111362,88019.41101
7.951742239,86215.59587
7.953858389,88640.05564
7.954762111,86933.61455
7.963277523,87773.61685
7.968785206,88290.77407
7.980419681,87514.62072
7.981560048,84973.71232
7.985545169,88989.40439
7.995113573,87247.2048
7.997941981,88752.53759
7.998533442,91463.62033
7.999836437,85231.55603
8.000851933,88723.942
8.003263088,86996.07483
8.011401939,86363.42835
8.01413411,86484.53468
8.014553046,86279.31884
8.021838256,89232.21905
8.029020205,86660.22195
8.034996181,88530.61777
8.035127152,85231.54815
8.039882641,86725.31888
8.040282323,86811.92462
8.045244496,87867.5039
8.0489629,86802.96937
8.050136123,87339.32028
8.051763919,85194.05178
8.054586657,85381.60748
8.065257929,87838.23116
8.068864922,86360.91333
8.07220617,87481.72053
8.085282129,86701.30093
8.091459246,85971.24527
8.108374886,87822.81176
8.110029131,87820.4682
8.110308243,85695.26503
8.11865657,84647.63486
8.146101758,86917.15675
8.150073687,86756.90951
8.154244925,87441.57701
8.168345448,88918.09163
8.170649769,88549.28547
8.17083619,85176.00709
8.174054441,89213.27032
8.17991735,86455.35073
8.180466757,86450.53742
8.183779973,87306.28872
8.184006001,89119.38378
8.190944002,86828.4745
8.191297823,88116.88849
8.201511263,86135.97892
8.207152113,86444.97007
8.217829273,88219.95685
8.225825591,87524.44333
8.238378042,85548.69355
8.239614706,87217.29052
8.244158897,87857.1826
8.244974424,86728.18247
8.256055279,86873.93734
8.287667801,85938.97312
8.2892696,84701.86417
8.291855976,88037.68181
8.299125288,86565.76116
8.303345057,87954.83113
8.309906096,87523.54177
8.314328493,89917.82841
8.31467622,88593.48318
8.315328363,85762.24539
8.322215848,88712.19837
8.323117221,85879.03168
8.324852185,86808.37546
8.327625981,87590.55521
8.329331701,85759.65226
8.33209527,86137.97043
8.333270645,87764.88451
8.335009518,83945.01111
8.335510428,87207.84873
8.339308755,87618.33137
8.341324342,85872.3178
8.343977741,84513.4265
8.346981066,85417.66978
8.347764914,86924.81352
8.35438355,86453.81489
8.36495675,87776.04852
8.375865102,86231.65108
8.381146131,87850.06722
8.382199235,84972.32745
8.386172235,86224.26488
8.386490668,87906.05239
8.39273998,86945.37963
8.407281576,86399.8438
8.45240251,88040.39074
8.454740663,88899.60282
8.458735375,87128.61484
8.461808091,87755.16022
8.462589787,88874.6273
8.477020765,87530.06024
8.480895907,86255.54023
8.490268088,85671.53363
8.490420981,85492.08601
8.491385356,87848.68977
8.502782319,85978.96531
8.524919391,85599.47461
8.531404711,84876.81409
8.538929222,87676.64209
8.548310408,86769.08501
8.553386119,87141.92002
8.55413281,86752.53466
8.556207902,83441.94037
8.562376522,85994.10767
8.567539858,85754.60075
8.570522563,89191.63098
8.577351069,83630.19686
8.580742481,86015.53867
8.582609317,87068.19014
8.588528248,87140.47591
8.598858662,89474.90319
8.607741425,88381.77
8.612691276,86934.16853
8.617564943,87543.52157
8.620080295,88533.78028
8.620370208,86457.50283
8.622063686,87461.22269
8.623430678,87938.63095
8.623514529,86224.20381
8.636162225,86931.59777
8.641431842,87968.23016
8.654228768,87598.30142
8.655499901,85980.904
8.66377899,85868.51908
8.667396778,82609.93038
8.682086121,86173.6375
8.684766116,88896.84911
8.688210378,86851.04322
8.693238041,87878.07206
8.698853077,85282.22329
8.710507343,83689.68396
8.719408225,89495.56641
8.724728272,86403.26579
8.725522607,87308.7789
8.734455583,88094.0411
8.748840543,86629.21608
8.750041856,86561.66742
8.775918241,87374.16398
8.779991382,85755.32545
8.780336091,84415.66488
8.785424605,87325.89898
8.788280416,87068.08572
8.794884119,84964.84917
8.805494041,87087.50207
8.806799725,86092.25099
8.814073016,86245.92739
8.820650239,87910.22924
8.825342629,86669.15881
8.825380479,88412.25545
8.829711057,85439.70107
8.830073224,86314.20629
8.832173994,87823.45841
8.83267494,87663.57825
8.835366849,86554.08377
8.837787714,85918.09504
8.841453298,85964.8855
8.844458473,85521.27955
8.848825866,86540.80135
8.859027923,86247.52976
8.860035959,89459.42302
8.865619482,87811.53516
8.866554713,91415.14132
8.877069339,86305.65119
8.888028738,85981.74031
8.888567266,86009.14002
8.891504765,86538.783
8.893086217,86889.94043
8.896037013,90076.10348
8.909195569,86439.32961
8.91142372,86702.91499
8.922740665,89720.11077
8.928640978,87760.38678
8.940374638,88217.01799
8.953492696,89389.18138
8.954872697,86731.61861
8.957064154,87067.89171
8.959340817,86987.59109
8.967093418,87824.55997
8.970207001,85277.05282
8.981486183,86214.64196
8.985205739,86209.90879
8.991682183,89311.3093
8.992219184,88591.57608
8.997290397,89057.52654
9.000332766,87457.43479
9.015013965,87818.93149
9.01760417,86965.26167
9.023176161,89579.92975
9.027798697,87250.96048
9.030343985,88510.17945
9.032486626,87597.60035
9.037384186,88661.9471
9.038101248,87408.40715
9.040089407,88429.30502
9.040176706,88263.12441
9.042759916,86868.45297
9.043028597,89273.42713
9.045570249,87408.01022
9.050866685,86743.19276
9.058187062,87967.77638
9.064991518,85319.25232
9.067424989,86538.81027
9.067840187,87810.13566
9.073943997,85361.0557
9.074254555,86125.61361
9.078368757,88543.6404
9.080181544,88014.55418
9.086557578,86762.62351
9.089695681,87116.19882
9.091573223,86547.69483
9.091618825,85896.48465
9.097602598,87675.00801
9.098332609,88142.89099
9.101462833,87303.8651
9.123233627,85176.94972
9.123479303,87345.37478
9.123842775,87321.09275
9.13805236,89686.00939
9.140585722,85206.70529
9.146245617,87431.78637
9.15559324,85811.08364
9.159676185,89566.85293
9.164241962,87628.45899
9.16659904,88004.92729
9.166711147,86262.85213
9.168660529,84417.34396
9.174929946,86327.22994
9.18154382,86671.69228
9.181834144,87429.47054
9.182132692,89296.27606
9.19946495,89059.36742
9.202390707,89041.27893
9.219302594,86994.388
9.22042218,89073.74475
9.222532801,87284.77168
9.22659516,86785.44736
9.232790234,88714.28849
9.233308922,86600.2172
9.235958498,89267.9118
9.247523412,89455.11798
9.253067154,86446.09279
9.25932573,86182.56496
9.259571214,88754.15854
9.265455184,88998.66117
9.265728797,88499.52777
9.266106582,88014.98796
9.267646803,86309.57481
9.275385132,88802.34238
9.276448872,89563.00037
9.282462557,86402.82634
9.282524136,90055.65005
9.286220227,86329.64565
9.292849774,88821.83348
9.293173594,85363.10888
9.29606551,88189.76668
9.296708288,88589.03359
9.303954627,89093.79311
9.307905586,90098.06416
9.31265666,85400.00306
9.316392293,86645.89763
9.321027801,88219.06999
9.324032528,88159.52964
9.324606858,88853.72296
9.329591035,89034.3612
9.334266891,88095.04403
9.337375286,86586.91488
9.342916587,87313.81981
9.347932242,88451.14648
9.34899803,85168.08099
9.356346319,89942.38091
9.35968452,86534.83002
9.361940522,87333.1324
9.367135869,87510.62556
9.367962024,86673.96488
9.374277369,88497.49776
9.381731953,88150.3974
9.38806763,87084.58043
9.399161529,89067.54101
9.399308983,86655.09521
9.404388454,86861.77407
9.412090606,89184.9445
9.413754054,88123.11887
9.413916393,87639.15088
9.415388696,87879.71292
9.41623009,87854.77221
9.419266171,89732.01178
9.42125085,86327.78286
9.425252089,88127.62555
9.428982135,90619.39014
9.433678037,90290.52114
9.435926519,89143.59516
9.445512415,88820.45312
9.447971791,87263.88077
9.44871012,88229.51704
9.452412294,89035.0374
9.453763901,86835.15962
9.453966692,86116.24603
9.456409827,85890.93962
9.458339681,86976.58783
9.460292543,86331.71664
9.461160133,88691.16468
9.462236722,89995.05575
9.463735142,88323.11937
9.465609668,86276.55037
9.466694559,88874.21042
9.467835931,85789.38973
9.471230815,87967.95319
9.480276076,87266.2049
9.480520172,87390.2579
9.489516591,87122.92589
9.497761861,87631.01173
9.498591956,89274.44159
9.501646059,86658.51742
9.507188238,89878.23171
9.508343367,88594.53094
9.516225276,88257.69509
9.521087421,86029.23949
9.52270605,88602.4958
9.525109758,89298.94016
9.531774211,87828.30014
9.532030305,87889.05749
9.535053426,88433.61509
9.535824835,87998.4441
9.536286095,86971.00097
9.538983539,90530.10381
9.540361799,89862.42019
9.55446392,89934.69259
9.557477458,90744.11211
9.559827929,87194.49413
9.567501717,87744.62571
9.572685157,88419.98854
9.576864462,88461.10438
9.592074105,87810.48617
9.592854148,85999.66129
9.601664087,89725.21659
9.601888952,89382.28265
9.603689905,87759.44646
9.604367508,88955.14064
9.606580413,89395.67715
9.612512526,89664.48375
9.615680138,87376.77799
9.622176303,88284.30832
9.626715257,88770.51376
9.631833557,89354.1213
9.651788093,86873.23231
9.654556069,88186.05079
9.65503016,87572.35769
9.657104173,88872.26577
9.663857284,90084.89331
9.664379939,87925.81776
9.66663869,86519.6539
9.671012833,87726.69716
9.680479253,88297.20972
9.680613761,89936.30431
9.682134553,87957.82358
9.683394062,87534.15452
9.687433242,87448.81868
9.691207761,89068.31443
9.691524413,88168.00608
9.697920723,87550.32703
9.70172203,91331.8379
9.714539013,86347.86419
9.715496889,87024.00611
9.716691043,91599.67508
9.71926596,87922.48788
9.721304003,90762.78205
9.72148,89800.16716
9.722146269,89788.12609
9.72864168,86066.6903
9.733988299,84648.9944
9.738941071,88526.74142
9.747179738,86688.98119
9.748463279,89796.33476
9.750292865,91117.14581
9.751722481,88704.84376
9.762910405,86158.90294
9.766369907,87936.63073
9.767845037,91848.00637
9.769297142,90354.84106
9.777049195,89544.49911
9.777855376,89703.99465
9.779308498,88639.83518
9.78152055,88868.06012
9.783907902,89235.4239
9.80717281,89326.05793
9.813945133,89339.75357
9.815658979,89248.09833
9.816671036,89719.01741
9.820405343,89035.70495
9.821860281,90484.91095
9.82196678,88278.41508
9.823525736,88529.18745
9.833695904,90937.1545
9.834868965,88390.95775
9.835276221,88714.24786
9.837809205,87058.10668
9.840910258,89394.2614
9.844605491,89434.28865
9.848289155,86343.78201
9.848490475,87227.29483
9.851804231,86536.96412
9.857060589,90471.33912
9.862030399,90454.56646
9.862205781,89208.48639
9.865898874,89404.86115
9.868589084,87985.08738
9.874619349,90873.39685
9.878784462,88462.61408
9.900090019,87567.11456
9.918160412,90745.4382
9.919098256,89117.34699
9.919603107,89128.01257
9.922191656,89749.51316
9.923677823,87807.42038
9.936611429,88386.40729
9.9369692,90335.11869
9.93711213,90123.30253
9.938500804,89708.22326
9.943709379,89585.87781
9.947606614,88976.50474
9.950816274,88542.86094
9.95360952,88525.63625
9.954882238,89621.29273
9.957695064,87323.01455
9.958564048,90750.58675
9.959900102,89908.81195
9.96024232,89856.58358
9.962789284,90458.02343
9.963085858,86599.59291
9.973114752,89275.37796
9.981184296,88843.13727
9.993798905,87987.08588
9.995817598,91538.49418
9.995960699,91037.28645
10.00056154,88733.57194
10.00127001,87640.11974
10.0013525,89355.02012
10.00541538,88734.80326
10.00666427,89287.2495
10.01088288,88048.30062
10.01685906,90642.03999
10.01990933,91042.55907
10.02330917,88219.05903
10.02702976,89254.97294
10.03200072,89301.54511
10.032956,89433.50149
10.03379605,90797.0778
10.03833598,91210.10767
10.03975058,89998.91494
10.04106507,88931.58678
10.0443963,90600.62277
10.04943129,89325.38109
10.05424309,89769.98572
10.05731209,89962.44388
10.05908534,91211.57882
10.06323533,89304.77449
10.06398694,89350.71324
10.07500924,89362.14262
10.08167072,90399.74014
10.08262025,90430.14404
10.08574419,91605.97935
10.08616936,90429.38658
10.08814698,89290.86955
10.09005292,89566.13889
10.09459946,91663.61109
10.0969733,90375.9578
10.10027198,88667.19471
10.10134038,88685.74066
10.10167687,90964.86359
10.10175283,89521.22758
10.10565887,91404.59685
10.10914071,89813.91769
10.11100169,91390.66082
10.111622,89366.1428
10.11382556,90877.66492
10.12787536,88632.71544
10.12865702,90204.76118
10.13010939,89152.58516
10.13044878,90881.4204
10.13656329,88499.58139
10.14434273,88471.20295
10.14851955,88454.5008
10.15343124,88777.48649
10.15987071,90484.22699
10.16356073,93271.80464
10.16406583,89687.9472
10.16741405,88392.09059
10.18138048,89362.39229
10.18385582,90362.85864
10.18758336,92437.87847
10.18885485,91465.00826
10.18976918,88463.33378
10.19700996,90395.1815
10.19893865,88507.72091
10.19975456,90936.27689
10.20406583,90432.37865
10.20495758,91858.80784
10.20656149,90392.86481
10.21184848,92299.82693
10.2124515,91739.65107
10.21254404,88266.2052
10.21293304,91255.96977
10.21721627,91444.08905
10.21806767,90487.05882
10.22119823,92451.47232
10.22983549,90575.1917
10.23198385,90983.51077
10.23707419,91882.91135
10.24017666,88578.72975
10.24321328,90283.46866
10.2436299,89103.54316
10.25053931,91114.36648
10.25659574,92268.41803
10.25692776,90362.09213
10.25737555,89284.88387
10.26995685,90996.71968
10.27678768,89634.8107
10.28149936,91125.85161
10.28761509,89845.00095
10.28864739,88722.24881
10.29656587,90906.5429
10.30289445,91621.33832
10.31264388,90269.37389
10.31889936,91852.30573
10.33290887,89166.7872
10.33884683,89638.10726
10.34621177,92212.69774
10.34676312,92175.50232
10.36765916,88158.92282
10.36915009,92696.03803
10.37014323,91100.90005
10.37073347,91544.51658
10.38083957,90648.94965
10.3833637,91484.92725
10.38680714,90864.97247
10.38756992,89083.42779
10.38921228,93916.91048
10.39009716,89200.47781
10.39156946,91862.70877
10.39201364,90674.63363
10.39209259,92795.00668
10.39308521,91329.4441
10.39363816,91110.63716
10.39638214,89343.16361
10.39735138,89585.66027
10.4024019,93303.5523
10.4028887,91134.75807
10.40361932,90678.58465
10.40822023,91947.65177
10.42052293,89952.84883
10.4231843,92952.4112
10.42324472,90292.43248
10.42614277,90942.59295
10.42738457,92189.51322
10.42807179,91308.87501
10.43107847,91107.6214
10.43828197,91093.11956
10.44894557,89802.08892
10.45080274,90425.29591
10.45157853,92318.44036
10.45172826,90561.44131
10.46280585,90534.33698
10.48110314,92742.79792
10.48405225,90328.79711
10.48441095,93278.74009
10.48448613,91509.11143
10.48746591,90519.16757
10.48886242,91652.784
10.49254241,90376.07589
10.49741415,92628.91938
10.50770491,92532.0802
10.51066654,93073.5294
10.51910207,92939.9843
10.52115917,89895.10978
10.52213977,91534.64948
10.53132719,90966.69715
10.53199856,93880.53677
10.53238059,93522.94161
10.53313069,93498.87373
10.53502749,91675.46581
10.53838004,89470.30284
10.53948722,92659.87349
10.54691009,91959.70665
10.55090614,92007.17634
10.55271736,93157.85857
10.55281467,92937.50697
10.55621223,91713.06397
10.56074502,92023.8228
10.56519726,91520.31414
10.56828625,89712.7796
10.5692175,93390.21777
10.57183971,91276.63473
10.57268977,92462.37167
10.57422749,92295.21318
10.57425616,90966.56344
10.57765537,93156.82215
10.58962289,92295.34405
10.59048166,91700.43775
10.59347108,91411.78968
10.59519169,92728.35043
10.59722619,90663.27876
10.59739502,91576.9267
10.60328126,91325.20315
10.60590451,93040.35231
10.60667596,90174.09089
10.60903317,92527.35648
10.61310745,91123.85957
10.61316736,94151.28821
10.61553118,94148.56822
10.61651282,92148.50376
10.62058095,92614.86375
10.62394996,96002.04436
10.62549675,91737.89741
10.62638057,92137.56527
10.62860491,91895.99905
10.63182845,91023.05759
10.63292033,90945.92213
10.63331857,92019.69185
10.63382106,93807.82774
10.63721868,93362.49598
10.63733008,94180.32924
10.6408173,92940.64268
10.64873131,90066.93915
10.650286,93231.92705
10.65336586,94421.20197
10.65560622,93530.7738
10.65865888,93436.64622
10.65911945,93054.66762
10.65962002,92091.63912
10.66438023,91246.42618
10.66746809,94030.2389
10.67457302,91529.72191
10.67922363,91553.35415
10.68090042,93707.48688
10.68289003,94173.85829
10.68625227,90029.32012
10.68693239,95020.13556
10.69498056,93693.62569
10.71583781,93518.90228
10.72026104,95686.79544
10.72148113,94185.43593
10.72480963,93295.33373
10.73590811,94702.47329
10.73615407,93266.75394
10.73867353,92511.1946
10.73897029,91437.91073
10.74276348,95712.61907
10.75226389,91864.62296
10.75758392,92514.0161
10.76233061,93802.38693
10.76509031,94508.86111
10.76577273,93853.95541
10.76959018,91260.20244
10.7707933,92267.47888
10.77687487,93722.89662
10.77793423,93406.23809
10.78199042,92706.44968
10.78529139,93313.10143
10.79257411,92981.17346
10.79539486,94478.18856
10.79800138,92799.4422
10.79861737,92770.53295
10.79998036,93542.71291
10.8000578,93242.43284
10.80346673,95642.87964
10.81075383,91929.44333
10.81079914,94489.39677
10.81304813,92530.94694
10.81727189,95923.56636
10.81962703,93837.32874
10.81988894,93646.52444
10.82703489,93681.13313
10.82861756,93702.23914
10.83042265,95191.04925
10.83849273,94117.26822
10.84148599,92070.71807
10.84380869,92775.36029
10.84539616,94212.3779
10.85139755,94845.63874
10.8599095,93820.55855
10.86229468,96759.14353
10.86507524,93684.43916
10.86637912,94164.96924
10.86979286,92348.70195
10.87389244,95557.12071
10.8749912,95331.18809
10.87522028,96899.32143
10.87908289,95162.98175
10.87911849,91957.01019
10.87944014,95160.58643
10.88038699,94412.90769
10.89088538,93896.08627
10.89591501,95189.5171
10.8963473,95506.10556
10.89929947,92651.76815
10.90357789,94981.04852
10.91166253,93441.75902
10.91420714,95111.92251
10.91666735,95875.5764
10.91893897,94789.51416
10.91935766,94362.07727
10.92194154,94676.08634
10.92867801,93419.00387
10.94145057,95758.47636
10.95086773,95276.25787
10.95239378,93335.39087
10.95335893,95813.10037
10.95496189,95654.8599
10.9608303,93362.38078
10.96654005,93240.46953
10.96696227,95681.23542
10.97086611,95090.28787
10.97224962,93039.17627
10.97921867,95523.26497
10.99070306,95697.94101
10.99162641,95238.03209
10.99332493,94411.60894
10.99755819,95931.96011
11.00027193,94289.19745
11.00154262,93722.47999
11.00617403,95678.58819
11.00619268,96179.1924
11.00962966,96819.02743
11.01157397,95698.24082
11.01868111,94892.43211
11.02081597,97747.18063
11.02655816,93943.82745
11.02810613,96777.91062
11.02841206,94247.35316
11.02856869,94024.04082
11.03445263,97456.29963
11.03983001,95587.35531
11.04151016,93666.35278
11.04252522,94963.96347
11.04557051,97672.89697
11.04595485,96103.51515
11.0497592,94486.24758
11.05186636,97357.27837
11.05188696,94585.10754
11.0587199,94998.03834
11.06342103,97592.44915
11.07755357,95252.44842
11.0826653,95378.1826
11.08836483,96068.35185
11.08938183,95037.59101
11.09125911,94300.90074
11.09387092,97842.06525
11.09588602,96118.94381
11.09684124,98005.13152
11.09717082,96216.38467
11.09935022,97001.80931
11.10066808,95323.58917
11.10277576,96065.93528
11.10622072,99257.58941
11.11181186,97186.23109
11.11199511,95394.75045
11.12607214,96716.39101
11.12681261,96204.44624
11.12953802,95603.68089
11.1325553,97386.78424
11.13471791,97452.07013
11.1453888,95080.94598
11.14804266,96950.15609
11.14882823,96548.48994
11.15330727,95832.0484
11.15763839,98285.45337
11.16447077,98364.59911
11.16454936,94039.90877
11.16756902,95270.00877
11.17259054,98951.59963
11.17841671,95672.83589
11.17953631,94777.89877
11.18391796,95959.27059
11.18650007,95937.16544
11.1896677,97349.0042
11.20482363,95481.23194
11.20954243,96747.91032
11.21500682,98370.28018
11.2170069,100001.2423
11.22086705,99076.14921
11.22652845,99191.95715
11.23415869,96729.1144
11.23653005,95680.99211
11.24061218,98868.92149
11.24770213,98619.01538
11.24971974,98256.66862
11.2523197,97084.71181
11.25628631,98214.9666
11.26134546,96625.36381
11.2627963,98778.79781
11.26784167,98138.86504
11.2733998,97720.62976
11.28008753,96290.16081
11.28111092,99185.58202
11.29045416,99030.10118
11.29707036,96538.75764
11.30304372,97963.69748
11.30443434,97091.97653
11.31081643,97598.50225
11.31772752,98451.91211
11.32306164,98615.22976
11.32318704,97066.52229
11.32728339,96738.92311
11.32732511,99317.53774
11.33620983,96979.45988
11.34023487,97133.17464
11.34089876,99064.99482
11.34525787,99183.08852
11.35191194,96995.54453
11.35309615,98748.07566
11.35376268,96214.90407
11.36168238,99292.12078
11.36331662,99853.12711
11.37065497,99126.04063
11.3710482,98534.59413
11.37126035,97843.80039
11.37610067,97287.1648
11.39701241,98102.39034
11.4042402,97930.50547
11.40652963,97736.37438
11.41785524,97336.18729
11.42205693,97332.78371
11.42230932,98234.14269
11.428295,98011.13424
11.43037936,100636.4831
11.44496825,100643.0064
11.44993666,99896.7791
11.45311276,97765.1988
11.46305141,98694.4035
11.47148654,100095.9447
11.47297449,97209.67405
11.47407231,100045.5005
11.48096602,100334.6666
11.48403539,98969.55916
11.49035678,99904.04939
11.49736102,98109.86994
11.50853831,100780.4731
11.50896246,99133.28814
11.5097871,96095.50262
11.5109159,98598.99745
11.51402407,99531.11303
11.51957868,99859.18422
11.521303,98264.58984
11.52240377,101230.8766
11.5228449,101732.1054
11.53321855,97007.07069
11.53554823,99153.6253
11.53674056,101139.9797
11.53847763,98342.90421
11.54313168,99871.62492
11.5443003,101080.9703
11.54753616,100786.4238
11.55316051,102579.2552
11.56749754,99268.47645
11.57397037,100447.7986
11.57822409,101128.034
11.58019332,101949.0991
11.58202856,98087.19518
11.58262565,99774.13052
11.58766112,99840.93124
11.60082006,101859.5179
11.60244678,99959.48934
11.60378055,101282.774
11.60903451,101978.176
11.6099669,99374.34419
11.61444666,102591.2395
11.61460869,101792.9666
11.61703981,98843.01528
11.62274057,100923.7294
11.62576284,101183.6983
11.62824805,103529.702
11.63107646,103386.2925
11.63511565,98465.35528
11.63542577,101906.8488
11.63622997,100807.6671
11.6408403,101516.8785
11.64287675,103400.5118
11.64417123,99566.59822
11.64513739,102392.1654
11.65525568,102145.7582
11.6584712,100886.639
11.66118438,102676.2577
11.66664047,102371.4368
11.67925918,100563.7302
11.68314894,101406.6921
11.6837745,101971.2114
11.68601922,100165.6393
11.68800259,102145.1816
11.68874374,101732.7087
11.69239251,100563.5783
11.70567839,103085.9126
11.70784664,103492.781
11.71083913,102570.1202
11.7257871,102228.2478
11.7319303,103384.4251
11.73494285,102556.7127
11.74263915,102631.497
11.74809522,101090.5564
11.74891325,103218.0781
11.75258423,102148.9381
11.7539946,104424.1495
11.7541465,102185.6334
11.75440481,102565.8153
11.75970956,103594.3823
11.76020215,103093.8297
11.77086293,103999.025
11.77258094,100439.9264
11.77574343,101243.1109
11.77856346,102861.7053
11.78137516,101530.453
11.78353735,102721.9988
11.78517248,102664.9883
11.78957044,103109.531
11.79433784,101757.8122
11.79582354,100110.0807
11.79931324,103690.9845
11.80144214,104176.3602
11.80272884,103599.5557
11.80527986,104256.572
11.80638516,103148.1353
11.80790058,101324.3772
11.81899643,102050.6031
11.82088915,102648.1224
11.8219985,103000.6993
11.82223772,104532.2745
11.82364829,104063.8998
11.83722679,105122.941
11.83745687,103830.59
11.84945247,102113.4619
11.85819711,106242.1459
11.85824752,102874.8511
11.86625436,106568.52
11.86697067,104163.8983
11.86883473,103123.4387
11.87305543,102391.6749
11.87444892,105364.8371
11.87697744,105338.3596
11.88381847,103884.56
11.88505711,103406.5267
11.88553196,105278.2227
11.88633778,104535.7907
11.88991934,103963.1359
11.89225478,102024.067
11.89743887,104230.0668
11.89859855,104770.5316
11.90484161,104965.4376
11.90679837,104696.5772
11.90751969,105030.3813
11.91149535,102519.2396
11.91424516,104186.7299
11.91619293,103035.5752
11.91695253,104616.7605
11.91714535,103853.4594
11.91793913,105160.8772
11.91862184,103912.9896
11.92288816,106534.5969
11.92292287,105643.6815
11.92375069,103689.2987
11.92550216,101527.446
11.93133754,107081.7491
11.93173504,104641.32
11.93244202,105285.4291
11.93767274,105063.1353
11.94389181,101911.2099
11.94490673,105623.8695
11.9506826,104970.8671
11.95479983,105735.2989
11.96360165,107728.01
11.96659131,104351.4575
11.97835794,105240.4541
11.98137501,105014.4044
11.98749571,104129.4806
11.98855214,103450.5333
11.99123816,104655.5409
12.00089492,104321.0283
12.00627315,105753.9927
12.008212,105700.8211
12.02061117,105407.263
12.02548496,104645.2738
12.02876018,103842.7776
12.02953721,105913.511
12.03076012,105078.1087
12.03294541,106344.3175
12.03824193,105743.6976
12.0471457,105729.2851
12.05631442,105964.2579
12.06037628,106021.7397
12.06129202,107548.2085
12.06221498,108170.1757
12.06996526,106928.0225
12.07316571,105433.4204
12.07633036,106401.0671
12.07760853,106733.9035
12.07845299,105235.3947
12.08289085,106295.9902
12.0837858,107978.7258
12.08933334,104720.0818
12.09874359,106639.3482
12.10138654,105311.2167
12.10577858,110104.58
12.10753345,107698.5728
12.10980019,106191.6046
12.11616113,106545.7352
12.11746439,107097.1378
12.11928417,107265.1317
12.11944359,107071.0065
12.12244732,106272.7091
12.12363352,109178.1736
12.12499821,104584.6321
12.12720514,106962.5056
12.12905338,107066.7963
12.12937378,105416.0281
12.14937206,108268.8394
12.15147383,108424.0241
12.15661358,108015.8893
12.15840513,107707.0501
12.1584265,108027.8224
12.16080439,108652.3988
12.16759629,107205.8454
12.18738587,108652.3818
12.19351357,108051.6773
12.19837204,107322.2078
12.20593771,109358.3069
12.20687543,108592.3441
12.21277402,107136.8809
12.21578177,109741.2992
12.22003898,108716.5402
12.22739506,110062.1311
12.23516244,109459.5848
12.23961832,107845.1289
12.24028581,110937.2358
12.24089609,108656.3869
12.24176138,107726.7655
12.24828483,109086.5367
12.24886872,110434.8553
12.24943806,109892.3494
12.25024242,109467.3606
12.25180835,107676.635
12.25217827,108749.4782
12.25252753,106997.1096
12.26228712,110449.359
12.27232657,107909.9087
12.27654751,109794.9992
12.28354321,110360.6171
12.28473619,109133.1161
12.28492516,106894.8569
12.28791372,108080.4656
12.28984371,110277.6088
12.29714667,109601.5592
12.30640679,108428.3724
12.30701554,109227.4479
12.31537714,110544.9995
12.3165626,109730.98
12.31807875,110806.1771
12.3187293,110336.5135
12.32657539,108572.2407
12.32854472,111487.4089
12.33364473,109637.096
12.33837941,110994.1742
12.33936346,109985.4792
12.34977504,107865.0859
12.35848638,109380.7158
12.36400605,112821.1579
12.37005845,109224.9722
12.37935543,111414.3477
12.38476149,111106.6513
12.38988166,110365.8923
12.4069765,109711.0937
12.41529601,111039.8723
12.41534758,113948.4926
12.41895344,111795.5868
12.42183241,111868.2064
12.43061008,111677.2536
12.45040099,113306.306
12.45975777,112598.1548
12.45996703,112718.8918
12.46714985,110717.334
12.47578348,112560.2802
12.47987147,113091.9157
12.48258778,111196.9571
12.49147779,113968.7126
12.49255028,111663.119
12.49270956,114617.7931
12.49401024,111328.9753
12.49744973,112092.0133
12.49812073,113406.4183
12.50537824,112556.0017
12.50804413,113248.4335
12.51313026,110814.3231
12.51619255,111840.3022
12.51874249,115399.3774
12.52028118,113099.3431
12.52202418,115729.2546
12.5264044,110422.494
12.53152118,113013.8321
12.53612883,110724.126
12.54915293,114592.0122
12.54973326,114596.871
12.5629801,116344.2525
12.57366227,114775.0971
12.60088052,110318.7469
12.60249916,113585.8506
12.61023264,113880.6634
12.61500888,114309.423
12.61971987,113905.3888
12.62028234,114462.326
12.62189524,114340.5552
12.62928586,114956.1015
12.63394328,114400.6776
12.63880534,112685.8723
12.64003856,114641.5918
12.64885586,116767.6097
12.65566123,114413.7261
12.65659348,117214.4503
12.65769611,113316.4343
12.66819412,116178.0335
12.66858501,116665.2399
12.67517543,116052.5401
12.68033307,114366.3739
12.6842082,113277.064
12.68455959,116266.0724
12.68723708,113825.6539
12.69414482,115795.5768
12.69695227,114818.611
12.70142154,114679.9484
12.70149779,116268.6601
12.70333731,116703.9159
12.70742868,113483.4395
12.70758446,115993.2109
12.70793168,115487.6474
12.70961947,116302.6366
12.71838948,114121.7386
12.73133024,115476.502
12.73135336,115752.5658
12.7387051,114773.4457
12.74583967,120478.4741
12.7515613,119240.1755
12.75541552,116355.4789
12.76284776,117808.1363
12.76306071,116065.5976
12.76763744,115804.1766
12.76942574,116941.7894
12.77939333,116692.7982
12.78113875,116691.2537
12.78358115,117974.399
12.79118756,117405.3618
12.79283348,115513.9557
12.79775858,116064.9561
12.798066,116187.9138
12.80570641,116049.4309
12.81340165,116322.2564
12.8172745,117914.061
12.81877667,118501.1259
12.84436711,119109.2241
12.84504274,118119.5617
12.8529407,117430.7307
12.85562808,117153.1205
12.85973213,117627.9439
12.86011785,118759.0146
12.86374363,118488.0032
12.86455582,117089.198
12.88991525,119583.7886
12.89094253,119685.5573
12.89549842,119116.7844
12.9031307,117869.3015
12.9082303,119197.7588
12.91876546,119138.311
12.92277637,119833.239
12.92375632,119908.4162
12.9243548,118656.2053
12.93180925,119294.1134
12.9459252,119532.5565
12.94622814,119175.0035
12.95091032,119072.381
12.9520498,121183.03
12.95266388,122214.8615
12.95489456,120748.6862
12.95886231,122111.7461
12.96677695,118573.3018
12.97502833,120967.2452
12.97508446,119945.2457
12.98186029,120734.4856
12.99412776,122489.9635
12.99950114,120594.6384
13.00265136,121580.5632
13.00686059,121038.9309
13.01792773,122441.3177
13.01817581,122657.2418
13.01982952,123451.5161
13.02058445,121221.1918
13.02603157,122257.0466
13.03079376,123219.4427
13.03385797,122954.1699
13.04367171,121180.7176
13.05239929,123846.4404
13.0570543,123359.4232
13.05755515,123611.659
13.06893768,121704.8311
13.07541927,124519.6564
13.08172261,122901.2461
13.08252388,123355.9318
13.1009829,121253.711
13.10230596,124508.6767
13.10664816,121525.0299
13.11151343,121494.4423
13.11203798,121331.1698
13.11457667,124861.0365
13.11921872,124651.7747
13.12185988,121377.5002
13.12575563,123779.6936
13.13384536,124594.0026
13.13534657,123025.5424
13.1358626,121328.652
13.14018515,123387.1513
13.14249642,124299.8124
13.14521087,122624.3849
13.14603075,125653.6138
13.14737768,123109.6056
13.15013835,125349.9803
13.1528056,124302.079
13.15898493,125800.5707
13.16225201,125853.5274
13.16503012,123913.0821
13.17531814,124681.9771
13.17578662,126107.0406
13.17645277,124717.628
13.17716098,122525.1694
13.17776757,123549.1597
13.18229417,126113.3874
13.18387074,125344.7861
13.18907083,123896.6648
13.20142172,124553.111
13.20146851,124532.61
13.2053757,127261.8135
13.21020674,125033.9319
13.2164088,127061.8383
13.22718471,126672.3273
13.23327516,125941.8994
13.23397359,124150.3268
13.24316217,125809.9557
13.2451895,129407.857
13.2507576,126580.1006
13.25517714,126271.258
13.25519307,125019.6941
13.25673042,125210.8056
13.25874116,125049.0954
13.28328186,128476.7038
13.29369903,126011.7713
13.29631702,126854.7047
13.30093137,128298.4028
13.30113161,126556
13.30442972,127359.4651
13.30842967,129702.9926
13.31004597,130133.6654
13.31195429,126333.1498
13.31567441,126147.2646
13.3158348,127840.0458
13.31944401,128566.1522
13.31977733,129083.3177
13.32272105,127848.842
13.32590339,130157.7437
13.32659498,127375.3577
13.33133707,129506.9981
13.3460599,129999.6224
13.35197219,128404.9961
13.37389487,130686.5589
13.37456637,128777.7905
13.37753164,129038.6464
13.38748893,128470.445
13.39833086,129032.2798
13.40204235,129438.4969
13.40387353,129262.4526
13.40389068,129698.3279
13.40674662,130383.6144
13.407514,130068.756
13.41345418,130577.0464
13.42158127,131514.8839
13.42736385,127821.2655
13.42843103,129148.7427
13.43012398,128562.199
13.43327542,131389.3912
13.43609021,131339.1617
13.43798554,130054.7249
13.46352277,130509.5836
13.46352814,131215.8514
13.46799956,131322.7205
13.474378,131419.3848
13.48028576,131801.6576
13.48040412,131278.322
13.48118951,132096.328
13.49624239,131900.6315
13.49963058,132131.3908
13.50127245,133259.5457
13.51096824,132277.0053
13.51429539,132749.8181
13.53337903,131313.9847
13.54127719,132556.9494
13.54142428,133707.1153
13.55698336,133320.6094
13.56034914,134876.7035
13.5642874,132758.2689
13.56985971,132896.4868
13.57681199,133878.0174
13.57704964,132353.2217
13.58062385,134305.0482
13.58406076,133081.553
13.58634727,132047.9875
13.59076091,135290.0734
13.6021055,134944.8081
13.61219071,136327.5594
13.61314855,136691.9071
13.61586556,135587.2091
13.61589803,133819.0604
13.62230753,135572.2747
13.62612453,134053.704
13.6386607,132260.8761
13.63867778,134505.6651
13.64928269,135559.8395
13.64960036,135936.5874
13.65851954,134939.2464
13.65872153,134992.7009
13.66248731,136332.8075
13.67621673,135112.5804
13.67738566,135140.488
13.67795714,137765.9731
13.68212863,136662.5837
13.69523409,135708.0931
13.70254592,134551.5894
13.70797338,134841.2772
13.71015924,136472.7508
13.71831588,135731.7863
13.72581146,137969.1716
13.72653809,136644.7188
13.73525178,137464.7284
13.74130002,138699.8235
13.74330807,137308.7884
13.74748436,137338.8861
13.74783582,138143.0567
13.75498166,138862.5433
13.76003679,138915.7073
13.76305974,136924.7048
13.76527536,137711.5564
13.76627978,137664.6227
13.76770462,139042.6625
13.78280877,138026.434
13.79213538,138829.48
13.79798087,138961.3055
13.80196363,140006.367
13.81560892,141424.4245
13.81578479,140622.8482
13.83831082,140241.3343
13.84303911,138959.5304
13.84658613,140014.129
13.85147506,141445.0501
13.87090068,140776.3314
13.87863337,141086.0424
13.88512408,140053.5602
13.88595286,141600.6723
13.89403879,144096.7391
13.89520792,139948.8325
13.90162834,139967.0867
13.90387934,143701.529
13.90537591,140910.4213
13.91377512,144483.1014
13.92247022,143190.7248
13.93023931,142150.7746
13.93392636,141450.8844
13.94068228,141544.0767
13.94148497,140869.4153
13.95385115,145626.8311
13.96305181,145787.5957
13.98244705,144239.3104
13.98930519,144147.4558
13.99110321,143116.148
14.00364875,142581.5629
14.00615302,146493.6406
14.03122952,144576.718
14.04478367,145199.7977
14.04806612,144586.2142
14.05060286,145829.0334
14.05924973,144586.3188
14.06131571,144718.9898
14.06503732,146907.354
14.06582992,145774.6587
14.06654278,147545.64
14.08139824,145422.5034
14.10101653,146562.7373
14.10423326,147640.7632
14.10839677,147929.301
14.11241951,149348.826
14.13441587,147381.2462
14.13803892,149888.7123
14.1550964,150121.8562
14.15729302,147662.2281
14.17164619,147940.293
14.17407352,149475.7704
14.17527714,148392.2706
14.18048812,151317.9155
14.19301501,148866.9319
14.19750202,148755.7675
14.19793688,148198.8385
14.2038752,151349.9084
14.21731064,150282.5123
14.22413201,148744.3778
14.22668338,149703.616
14.22771627,151378.5735
14.23030759,148810.0662
14.23402785,149942.3902
14.25153712,151732.0891
14.26053316,149715.2293
14.26990605,149593.1789
14.27590496,153976.9138
14.28967429,154619.9324
14.29434694,149623.7542
14.29885237,153827.6302
14.30877991,151402.0209
14.31124296,152808.401
14.32266606,153668.8692
14.32399496,154086.9094
14.32425686,153952.6724
14.34272122,152812.1754
14.35221363,152545.635
14.36171388,156575.0436
14.36945698,156141.8879
14.3842437,155203.5597
14.39026216,152447.3834
14.397367,154092.3159
14.40106359,156852.597
14.4020537,156194.3476
14.41286344,153752.4842
14.43577488,156926.2164
14.43809956,157117.8024
14.43939982,157213.4642
14.44250101,155020.5541
14.46447238,157597.8799
14.48094622,157434.0038
14.4821939,157119.8433
14.51877132,158818.0615
14.5193887,158759.394
14.54075675,160183.944
14.55078376,160136.1644
14.55110332,160333.7838
14.57344963,161610.0471
14.57978529,161835.4096
14.5999645,162567.2141
14.60157831,160892.7713
14.6164404,161322.8494
14.64181994,163257.4411
14.65564181,163880.8676
14.65963631,165472.5985
14.66470973,161888.0125
14.6735599,164887.5554
14.68359636,164284.9787
14.69241405,165674.287
14.6971761,164024.595
14.7029194,166597.1208
14.71226408,165957.3702
14.71613729,167967.7279
14.71779538,168345.345
14.71986901,166008.3765
14.76209113,166841.0598
14.76834637,166878.9335
14.79046704,168591.5805
14.80642215,168773.1685
14.80960523,169316.6718
14.81011364,168495.8643
14.81160398,168265.2642
14.81163831,167765.9508
14.82681033,170580.527
14.84634438,171484.5876
14.86155602,169747.6925
14.86279265,169979.7696
14.87221216,169316.9119
14.87989785,172827.4882
14.88687356,171515.6238
14.88690713,171780.2395
14.89270682,171034.0257
14.89341946,169492.1131
14.90227899,171737.2477
14.90945248,172520.1807
14.91841658,171942.6279
14.94329707,174708.9955
14.97337507,173994.8647
14.98624958,175567.7693
14.98748078,174779.8606
14.9879143,175550.5184
15.01999918,176175.518
15.02092404,175328.3629
15.03043402,176727.937
15.03624648,178430.0109
15.03892067,175967.7541
15.04278966,178420.8118
15.06091328,177976.4252
15.06929986,177200.8019
15.08475135,177115.9111
15.10659841,176832.6365
15.11112405,177078.4427
15.11147133,178550.3606
15.11160332,179801.6511
15.11271098,179434.5045
15.11936491,181042.9961
15.12615212,178459.8189
15.12788501,180481.4146
15.1354034,179224.7242
15.15791758,179494.3532
15.17225559,181103.5123
15.18879106,181970.5071
15.19028218,181613.8845
15.2116535,183456.7081
15.21755167,183197.6616
15.22255568,182263.9654
15.24511575,183927.019
15.248148,184241.7569
15.26166175,184065.596
15.28218959,182543.8484
15.29625314,186838.2386
15.30439211,188220.1884
15.33610711,189254.3299
15.36900339,188508.7456
15.38562903,188597.4632
15.39954436,189704.9305
15.40195984,190843.3635
15.41168947,189819.4323
15.42233448,191150.0612
15.42771277,191615.8492
15.42898152,192425.0929
15.45211354,192033.6037
15.47016306,194102.2606
15.47960658,196217.8363
15.48196897,190784.7968
15.49069616,195289.7934
15.52697508,195767.1887
15.52755929,195768.7722
15.52833173,196086.0517
15.53302332,196905.7689
15.55433737,197264.7685
15.58608444,196207.7224
15.58676169,199679.0388
15.59495465,201767.4038
15.60015353,196893.2326
15.61371859,199270.7489
15.62294624,197366.3075
15.63081975,199602.4235
15.63229233,200568.8038
15.63963896,199680.0225
15.66091524,199444.6446
15.67088314,203539.1777
15.67276185,200107.665
15.67956149,202590.3634
15.68020701,203501.0777
15.69789895,202953.1395
15.69907151,202450.0697
15.70683793,204254.7438
15.70792167,202033.7357
15.71177864,204496.3509
15.72730631,203493.7191
15.73088427,204217.6753
15.74960906,206772.6257
15.75379914,204006.966
15.76597672,206843.0571
15.76872254,205535.9179
15.77659101,205824.1132
15.81274693,206408.2219
15.82095114,208028.0707
15.82868257,210104.5684
15.8387647,211652.9285
15.85011122,209464.3002
15.86276464,208103.3511
15.88029242,210107.2387
15.90524337,210812.5682
15.92900721,210940.8865
15.95706854,214914.605
15.96640288,212514.2797
15.9786072,214101.7473
16.0114501,218622.814
16.01552504,216345.0029
16.02112243,216290.4908
16.05688719,217837.0741
16.09554006,221013.4172
16.11800086,223687.7294
16.11953079,218861.0037
16.12343749,221916.1289
16.13534367,220676.9214
16.16518533,222526.8931
16.17405323,223921.8445
16.18302387,224211.6551
16.18391377,225966.992
16.21657751,225036.8302
16.24693568,227814.2974
16.26581927,227946.7111
16.27393231,230653.2415
16.28257806,230375.9823
16.28345863,227424.0529
16.3104073,228998.7257
16.32331295,230738.9753
16.32829929,233762.3777
16.33389442,229447.7765
16.45019001,239637.8578
16.47395422,242588.9458
16.60817081,243516.6773
16.63696908,247081.2524
16.65561428,246599.2711
16.67622708,248177.2153
16.68901082,250653.2645
16.70701931,251835.7325
16.74351164,252590.9734
16.74421722,254911.54
16.79874685,255353.9186
16.81578828,257879.6777
16.83921191,258495.0934
16.85304467,257408.9548
16.89667887,262252.6085
16.9475294,265997.8749
17.01678445,268672.7264
17.06766802,270760.5485
17.09201913,271266.7206
17.15452494,275376.4217
17.17322945,277815.9226
17.18152234,277369.4722
17.28597466,283792.0895
17.34973349,288653.1086
17.4185251,291356.8383
17.48564229,295251.1558
17.53515353,299500.9532
17.55262693,302781.2475
17.58392907,301988.7334
17.68495022,307708.4264
17.78266599,316195.3386
17.91584849,325829.5136
17.93239131,325787.1744
18.14013575,341009.0017
18.43654511,361379.599
18.456973,362310.3504
18.492885,363925.8647
18.51181695,369005.1307
18.58397697,374277.2253
18.80652812,390051.2268
18.81738681,392165.2403
19.0634162,413149.8396
19.16400882,420555.4056
19.17857528,421534.691
19.25449943,430478.0265
19.35336879,438090.8454
19.84251968,482242.1608
20,500000
